"Height","Width","Aspect_ratio","Local","Is_Ad"
125,125,1,1,1
57,468,8.2105,1,1
33,230,6.9697,1,1
60,468,7.8,1,1
60,468,7.8,1,1
60,468,7.8,1,1
59,460,7.7966,1,1
60,234,3.9,1,1
60,468,7.8,1,1
60,468,7.8,1,1
51,110,2.1569,1,1
90,52,0.5778,1,1
90,60,0.6667,1,1
90,60,0.6667,1,1
33,230,6.9697,1,1
60,468,7.8,1,1
60,468,7.8,0,1
125,125,1,1,1
60,468,7.8,1,1
30,585,19.5,1,1
90,60,0.6667,1,1
90,60,0.6667,1,1
90,60,0.6667,1,1
90,60,0.6667,1,1
51,110,2.1569,1,1
90,52,0.5778,1,1
90,60,0.6667,1,1
60,468,7.8,1,1
60,234,3.9,0,1
60,234,3.9,0,1
60,88,1.4667,0,1
60,120,2,0,1
35,125,3.5714,0,1
60,468,7.8,0,1
60,468,7.8,0,1
60,468,7.8,0,1
72,392,5.4444,1,1
60,468,7.8,1,1
60,468,7.8,1,1
50,107,2.14,0,1
50,107,2.14,0,1
50,107,2.14,0,1
50,107,2.14,0,1
60,468,7.8,0,1
125,125,1,1,1
60,468,7.8,0,1
60,468,7.8,1,1
60,468,7.8,0,1
125,125,1,1,1
60,468,7.8,1,1
60,468,7.8,1,1
60,120,2,1,1
60,468,7.8,1,1
60,468,7.8,1,1
60,468,7.8,1,1
125,125,1,1,1
60,468,7.8,1,1
120,125,1.0417,1,1
60,468,7.8,1,1
60,234,3.9,1,1
60,234,3.9,1,1
60,468,7.8,0,1
51,110,2.1569,0,1
51,110,2.1569,0,1
51,110,2.1569,0,1
51,110,2.1569,0,1
60,468,7.8,1,1
2,2,1,1,1
60,120,2,1,1
65,125,1.9231,0,1
125,125,1,0,1
125,125,1,0,1
51,110,2.1569,0,1
60,468,7.8,1,1
60,468,7.8,0,1
60,468,7.8,1,1
60,234,3.9,1,1
44,127,2.8864,1,1
60,468,7.8,1,1
80,80,1,1,1
80,80,1,1,1
80,80,1,1,1
60,468,7.8,1,1
80,80,1,1,1
80,80,1,1,1
80,80,1,1,1
125,125,1,1,1
60,468,7.8,1,1
60,468,7.8,1,1
60,468,7.8,1,1
60,468,7.8,1,1
60,468,7.8,1,1
60,234,3.9,1,1
60,234,3.9,1,1
60,234,3.9,0,1
60,234,3.9,1,1
64,231,3.6094,1,1
31,88,2.8387,1,1
100,100,1,1,1
74,54,0.7297,1,1
31,96,3.0968,0,1
100,100,1,1,1
93,147,1.5806,1,1
60,95,1.5833,1,1
21,188,8.9524,0,1
20,58,2.9,0,1
60,468,7.8,1,1
60,468,7.8,1,1
60,468,7.8,1,1
60,468,7.8,1,1
55,460,8.3636,1,1
60,468,7.8,1,1
60,468,7.8,1,1
135,126,0.9333,1,1
135,126,0.9333,1,1
135,126,0.9333,1,1
135,126,0.9333,1,1
51,110,2.1569,1,1
51,110,2.1569,1,1
51,110,2.1569,1,1
51,110,2.1569,1,1
30,159,5.3,0,1
51,110,2.1569,1,1
21,183,8.7143,1,1
51,110,2.1569,1,1
51,110,2.1569,1,1
50,400,8,1,1
50,400,8,1,1
60,468,7.8,0,1
60,468,7.8,1,1
60,468,7.8,1,1
60,468,7.8,1,1
26,468,18,1,1
60,468,7.8,1,1
136,93,0.6838,1,1
60,468,7.8,1,1
60,468,7.8,1,1
60,468,7.8,1,1
124,120,0.9677,1,1
60,468,7.8,0,1
125,125,1,0,1
125,125,1,0,1
60,468,7.8,1,1
60,468,7.8,1,1
60,468,7.8,0,1
60,468,7.8,0,1
60,468,7.8,0,1
60,468,7.8,1,1
20,83,4.15,1,1
60,468,7.8,1,1
60,468,7.8,1,1
60,468,7.8,1,1
60,468,7.8,1,1
60,468,7.8,1,1
124,120,0.9677,1,1
60,468,7.8,1,1
52,476,9.1538,1,1
45,100,2.2222,1,1
45,100,2.2222,1,1
45,100,2.2222,1,1
45,100,2.2222,1,1
60,468,7.8,1,1
124,120,0.9677,1,1
125,125,1,1,1
51,110,2.1569,1,1
60,468,7.8,1,1
60,468,7.8,1,1
60,468,7.8,1,1
165,90,0.5455,1,1
60,468,7.8,1,1
60,468,7.8,1,1
60,468,7.8,0,1
60,468,7.8,1,1
60,468,7.8,1,1
125,125,1,1,1
60,468,7.8,1,1
60,468,7.8,0,1
60,468,7.8,0,1
60,468,7.8,0,1
60,468,7.8,0,1
60,468,7.8,0,1
60,468,7.8,0,1
25,75,3,1,1
60,468,7.8,0,1
125,125,1,0,1
60,468,7.8,0,1
60,234,3.9,0,1
60,468,7.8,0,1
105,225,2.1429,0,1
51,110,2.1569,1,1
51,110,2.1569,1,1
60,468,7.8,0,1
51,110,2.1569,1,1
51,110,2.1569,1,1
60,468,7.8,1,1
60,468,7.8,1,1
125,125,1,1,1
60,468,7.8,1,1
60,468,7.8,1,1
60,234,3.9,1,1
60,468,7.8,1,1
60,400,6.6667,1,1
60,468,7.8,1,1
125,125,1,1,1
60,468,7.8,1,1
60,234,3.9,1,1
60,234,3.9,1,1
31,88,2.8387,0,1
60,468,7.8,0,1
51,110,2.1569,1,1
60,468,7.8,1,1
88,88,1,1,1
88,88,1,1,1
60,468,7.8,1,1
60,468,7.8,1,1
60,234,3.9,0,1
60,468,7.8,1,1
60,468,7.8,1,1
51,110,2.1569,1,1
73,69,0.9452,0,1
72,392,5.4444,1,1
72,392,5.4444,1,1
60,468,7.8,1,1
60,88,1.4667,1,1
51,110,2.1569,1,1
60,88,1.4667,1,1
60,468,7.8,1,1
60,88,1.4667,1,1
60,468,7.8,1,1
90,120,1.3333,1,1
90,120,1.3333,1,1
90,120,1.3333,1,1
90,120,1.3333,1,1
60,468,7.8,1,1
51,110,2.1569,1,1
51,110,2.1569,1,1
51,110,2.1569,1,1
51,110,2.1569,1,1
93,261,2.8065,1,1
60,468,7.8,1,1
60,468,7.8,1,1
60,468,7.8,1,1
60,468,7.8,1,1
33,270,8.1818,1,1
60,468,7.8,1,1
33,142,4.303,1,1
33,230,6.9697,1,1
33,230,6.9697,0,1
60,468,7.8,0,1
60,468,7.8,0,1
60,120,2,1,1
60,120,2,1,1
60,234,3.9,1,1
60,468,7.8,1,1
60,468,7.8,0,1
60,120,2,1,1
60,234,3.9,1,1
60,468,7.8,0,1
125,125,1,1,1
60,468,7.8,1,1
51,110,2.1569,1,1
51,110,2.1569,1,1
43,230,5.3488,1,1
43,230,5.3488,1,1
60,468,7.8,1,1
60,468,7.8,1,1
60,468,7.8,1,1
60,468,7.8,1,1
43,230,5.3488,1,1
43,230,5.3488,1,1
43,230,5.3488,1,1
43,230,5.3488,1,1
60,234,3.9,1,1
60,468,7.8,1,1
60,468,7.8,1,1
120,125,1.0417,1,1
50,370,7.4,1,1
50,455,9.1,0,1
30,200,6.6667,1,1
30,200,6.6667,1,1
30,200,6.6667,1,1
30,200,6.6667,1,1
30,200,6.6667,1,1
30,200,6.6667,0,1
30,200,6.6667,1,1
50,309,6.18,1,1
51,110,2.1569,1,1
60,89,1.4833,1,1
33,230,6.9697,1,1
51,110,2.1569,1,1
51,110,2.1569,1,1
73,69,0.9452,0,1
51,110,2.1569,1,1
51,110,2.1569,1,1
51,110,2.1569,1,1
73,69,0.9452,0,1
73,69,0.9452,0,1
51,110,2.1569,1,1
60,468,7.8,1,1
60,468,7.8,1,1
60,468,7.8,1,1
60,468,7.8,0,1
60,468,7.8,0,1
60,468,7.8,0,1
60,120,2,1,1
60,120,2,1,1
60,468,7.8,0,1
60,120,2,1,1
477,129,0.2704,1,1
125,125,1,0,1
65,125,1.9231,0,1
477,129,0.2704,1,1
125,125,1,0,1
60,468,7.8,0,1
60,468,7.8,1,1
60,468,7.8,1,1
60,468,7.8,1,1
60,468,7.8,1,1
60,468,7.8,0,1
70,470,6.7143,0,1
60,468,7.8,0,1
60,468,7.8,1,1
60,468,7.8,1,1
60,43,0.7167,1,1
60,468,7.8,1,1
60,468,7.8,1,1
60,468,7.8,1,1
51,110,2.1569,1,1
51,110,2.1569,1,1
60,468,7.8,0,1
51,110,2.1569,1,1
90,60,0.6667,1,1
60,468,7.8,1,1
60,88,1.4667,1,1
60,468,7.8,0,1
51,110,2.1569,1,1
105,225,2.1429,0,1
51,110,2.1569,1,1
33,230,6.9697,1,1
60,468,7.8,1,1
60,468,7.8,1,1
60,468,7.8,1,1
51,110,2.1569,1,1
51,110,2.1569,1,1
51,110,2.1569,1,1
51,110,2.1569,1,1
51,110,2.1569,0,1
51,110,2.1569,0,1
51,110,2.1569,0,1
51,110,2.1569,0,1
51,110,2.1569,0,1
51,110,2.1569,0,1
60,468,7.8,1,1
124,120,0.9677,1,1
60,468,7.8,1,1
60,468,7.8,1,1
60,468,7.8,1,1
60,468,7.8,1,1
60,468,7.8,1,1
60,468,7.8,1,1
60,468,7.8,1,1
60,468,7.8,1,1
125,125,1,0,1
125,125,1,0,1
51,110,2.1569,1,1
40,400,10,1,1
50,400,8,1,1
60,468,7.8,1,1
60,468,7.8,1,1
40,400,10,1,1
60,468,7.8,1,1
60,468,7.8,1,1
40,400,10,0,1
60,468,7.8,1,1
51,110,2.1569,1,1
60,468,7.8,1,1
60,468,7.8,1,1
45,345,7.6667,1,1
31,90,2.9032,1,1
60,150,2.5,1,1
50,400,8,1,1
60,468,7.8,1,1
60,468,7.8,1,1
60,468,7.8,1,1
51,110,2.1569,1,1
55,460,8.3636,1,1
51,110,2.1569,0,1
51,110,2.1569,1,1
88,520,5.9091,0,1
240,120,0.5,0,1
51,110,2.1569,1,1
60,468,7.8,1,1
55,460,8.3636,1,1
51,110,2.1569,0,1
51,110,2.1569,1,1
51,110,2.1569,1,1
51,110,2.1569,0,1
51,433,8.4902,0,1
51,110,2.1569,1,1
40,100,2.5,0,1
60,468,7.8,1,1
60,468,7.8,1,1
51,110,2.1569,1,1
50,400,8,1,1
60,468,7.8,1,1
50,400,8,0,1
60,468,7.8,0,1
60,468,7.8,1,1
59,164,2.7797,1,1
60,468,7.8,1,1
51,110,2.1569,0,1
55,460,8.3636,1,1
33,230,6.9697,1,1
90,215,2.3889,1,1
51,110,2.1569,1,1
51,110,2.1569,1,1
100,510,5.1,1,1
60,468,7.8,1,1
72,392,5.4444,1,1
51,110,2.1569,1,1
68,612,9,1,1
171,227,1.3275,0,1
60,440,7.3333,1,1
60,130,2.1667,1,1
60,430,7.1667,1,1
60,468,7.8,1,1
50,400,8,1,1
60,468,7.8,1,1
60,468,7.8,1,1
55,460,8.3636,1,1
51,110,2.1569,1,1
60,468,7.8,1,1
51,110,2.1569,0,1
51,110,2.1569,1,1
60,468,7.8,1,1
51,110,2.1569,1,1
60,468,7.8,1,1
51,110,2.1569,1,1
60,468,7.8,1,1
71,164,2.3099,1,1
29,148,5.1034,1,1
60,280,4.6667,1,1
90,90,1,1,1
38,264,6.9474,1,1
55,416,7.5636,1,1
60,150,2.5,1,1
36,216,6,1,1
72,144,2,1,1
60,468,7.8,1,1
50,150,3,1,1
50,150,3,1,1
50,150,3,1,1
60,468,7.8,1,1
51,110,2.1569,0,1
51,110,2.1569,1,1
50,150,3,1,1
60,468,7.8,1,1
40,400,10,1,1
60,468,7.8,1,1
51,110,2.1569,1,0
51,110,2.1569,1,0
46,109,2.3696,1,0
12,57,4.75,1,0
95,150,1.5789,0,0
51,110,2.1569,0,0
51,110,2.1569,1,0
30,130,4.3333,1,0
35,36,1.0286,0,0
80,92,1.15,1,0
20,90,4.5,1,0
41,239,5.8293,1,0
96,218,2.2708,1,0
16,16,1,1,0
46,109,2.3696,1,0
51,110,2.1569,1,0
150,225,1.5,0,0
159,209,1.3145,1,0
20,90,4.5,1,0
51,110,2.1569,1,0
12,117,9.75,1,0
110,111,1.0091,1,0
161,220,1.3665,0,0
51,110,2.1569,1,0
12,234,19.5,1,0
16,16,1,1,0
51,110,2.1569,1,0
15,110,7.3333,1,0
100,100,1,0,0
195,288,1.4769,1,0
11,96,8.7273,1,0
50,50,1,1,0
114,140,1.2281,1,0
50,58,1.16,1,0
20,90,4.5,1,0
51,110,2.1569,1,0
60,234,3.9,1,0
51,110,2.1569,1,0
30,130,4.3333,1,0
51,110,2.1569,1,0
160,199,1.2437,1,0
63,110,1.746,0,0
134,184,1.3731,0,0
51,110,2.1569,1,0
135,106,0.7852,1,0
40,50,1.25,1,0
51,110,2.1569,1,0
52,144,2.7692,1,0
24,75,3.125,1,0
31,88,2.8387,1,0
30,130,4.3333,1,0
95,64,0.6737,1,0
51,110,2.1569,1,0
62,88,1.4194,1,0
106,183,1.7264,0,0
200,250,1.25,1,0
20,116,5.8,1,0
51,35,0.6863,1,0
16,16,1,1,0
39,120,3.0769,1,0
30,130,4.3333,1,0
55,58,1.0545,0,0
51,110,2.1569,1,0
40,46,1.15,1,0
51,110,2.1569,1,0
11,89,8.0909,1,0
51,110,2.1569,1,0
60,117,1.95,1,0
51,35,0.6863,1,0
52,144,2.7692,1,0
51,110,2.1569,0,0
51,110,2.1569,1,0
30,130,4.3333,1,0
90,120,1.3333,0,0
115,205,1.7826,0,0
50,93,1.86,1,0
25,100,4,0,0
51,110,2.1569,1,0
51,110,2.1569,1,0
75,200,2.6667,1,0
50,45,0.9,1,0
60,60,1,1,0
12,101,8.4167,1,0
10,600,60,1,0
207,200,0.9662,1,0
46,109,2.3696,1,0
32,32,1,1,0
27,41,1.5185,1,0
51,110,2.1569,0,0
11,64,5.8182,1,0
43,178,4.1395,1,0
51,110,2.1569,1,0
16,16,1,1,0
48,264,5.5,1,0
46,109,2.3696,1,0
150,250,1.6667,0,0
107,120,1.1215,0,0
51,260,5.098,1,0
71,95,1.338,1,0
51,110,2.1569,1,0
36,227,6.3056,0,0
60,51,0.85,1,0
51,110,2.1569,0,0
20,200,10,0,0
30,130,4.3333,1,0
51,110,2.1569,0,0
60,60,1,1,0
51,110,2.1569,1,0
51,110,2.1569,1,0
31,88,2.8387,1,0
100,110,1.1,1,0
30,130,4.3333,1,0
52,144,2.7692,1,0
12,101,8.4167,1,0
16,16,1,1,0
51,110,2.1569,0,0
75,95,1.2667,1,0
51,110,2.1569,1,0
25,100,4,1,0
51,110,2.1569,0,0
40,40,1,0,0
51,110,2.1569,1,0
40,130,3.25,1,0
51,110,2.1569,1,0
120,200,1.6667,0,0
28,74,2.6429,0,0
125,125,1,1,0
23,26,1.1304,1,0
100,110,1.1,0,0
31,88,2.8387,1,0
60,468,7.8,0,0
52,144,2.7692,1,0
51,110,2.1569,1,0
51,110,2.1569,0,0
51,110,2.1569,1,0
11,64,5.8182,1,0
60,140,2.3333,1,0
51,110,2.1569,0,0
41,239,5.8293,1,0
51,110,2.1569,1,0
100,100,1,0,0
23,30,1.3043,0,0
51,110,2.1569,1,0
40,40,1,0,0
125,125,1,1,0
161,119,0.7391,0,0
51,35,0.6863,1,0
51,110,2.1569,1,0
10,600,60,1,0
27,41,1.5185,1,0
51,110,2.1569,1,0
120,200,1.6667,0,0
51,110,2.1569,1,0
52,299,5.75,1,0
51,110,2.1569,0,0
51,110,2.1569,1,0
75,95,1.2667,1,0
12,117,9.75,1,0
54,239,4.4259,0,0
102,179,1.7549,0,0
51,110,2.1569,1,0
23,30,1.3043,0,0
149,182,1.2215,0,0
16,162,10.125,0,0
51,110,2.1569,1,0
62,148,2.3871,1,0
40,46,1.15,1,0
150,75,0.5,0,0
46,100,2.1739,1,0
46,109,2.3696,1,0
125,125,1,0,0
119,150,1.2605,0,0
11,96,8.7273,1,0
51,110,2.1569,0,0
76,108,1.4211,0,0
79,150,1.8987,1,0
51,110,2.1569,1,0
158,108,0.6835,0,0
154,231,1.5,0,0
100,100,1,0,0
51,35,0.6863,1,0
8,82,10.25,1,0
46,100,2.1739,1,0
33,124,3.7576,1,0
153,186,1.2157,0,0
46,184,4,1,0
51,110,2.1569,1,0
51,110,2.1569,1,0
46,109,2.3696,1,0
150,250,1.6667,1,0
11,89,8.0909,1,0
51,110,2.1569,0,0
52,144,2.7692,1,0
51,110,2.1569,1,0
134,184,1.3731,0,0
51,110,2.1569,1,0
32,260,8.125,1,0
23,30,1.3043,0,0
40,40,1,1,0
83,150,1.8072,1,0
174,152,0.8736,1,0
156,242,1.5513,0,0
25,100,4,1,0
51,110,2.1569,1,0
51,110,2.1569,1,0
46,100,2.1739,1,0
128,200,1.5625,0,0
14,30,2.1429,1,0
51,110,2.1569,1,0
20,92,4.6,1,0
172,139,0.8081,0,0
23,30,1.3043,0,0
12,57,4.75,1,0
27,218,8.0741,1,0
75,95,1.2667,1,0
51,110,2.1569,1,0
104,104,1,0,0
51,110,2.1569,1,0
40,40,1,0,0
16,16,1,1,0
51,110,2.1569,1,0
146,141,0.9658,1,0
65,110,1.6923,0,0
90,64,0.7111,0,0
154,125,0.8117,0,0
51,110,2.1569,1,0
11,94,8.5455,1,0
50,45,0.9,0,0
79,150,1.8987,1,0
51,110,2.1569,1,0
51,110,2.1569,0,0
51,110,2.1569,1,0
51,110,2.1569,0,0
51,110,2.1569,1,0
28,140,5,1,0
51,110,2.1569,1,0
51,110,2.1569,0,0
51,110,2.1569,1,0
11,96,8.7273,1,0
51,110,2.1569,1,0
11,89,8.0909,1,0
98,156,1.5918,1,0
51,110,2.1569,0,0
28,150,5.3571,1,0
23,30,1.3043,0,0
26,163,6.2692,1,0
51,110,2.1569,0,0
144,124,0.8611,0,0
51,110,2.1569,1,0
175,148,0.8457,1,0
51,110,2.1569,1,0
20,92,4.6,1,0
40,40,1,0,0
23,30,1.3043,0,0
11,94,8.5455,1,0
116,200,1.7241,0,0
79,150,1.8987,1,0
145,148,1.0207,1,0
150,200,1.3333,0,0
20,10,0.5,1,0
160,238,1.4875,1,0
51,110,2.1569,1,0
100,100,1,1,0
12,102,8.5,1,0
16,16,1,1,0
46,100,2.1739,1,0
51,110,2.1569,1,0
51,110,2.1569,0,0
12,101,8.4167,1,0
98,198,2.0204,0,0
51,110,2.1569,1,0
51,110,2.1569,1,0
51,110,2.1569,0,0
60,120,2,1,0
99,144,1.4545,1,0
12,86,7.1667,1,0
31,88,2.8387,0,0
51,110,2.1569,1,0
25,100,4,1,0
12,102,8.5,1,0
220,220,1,0,0
25,100,4,1,0
60,150,2.5,1,0
46,100,2.1739,1,0
120,105,0.875,1,0
51,110,2.1569,1,0
51,110,2.1569,1,0
40,230,5.75,0,0
36,40,1.1111,1,0
51,110,2.1569,1,0
25,100,4,1,0
200,242,1.21,1,0
93,150,1.6129,1,0
16,16,1,1,0
51,110,2.1569,0,0
51,110,2.1569,1,0
51,110,2.1569,0,0
51,110,2.1569,1,0
12,57,4.75,1,0
51,110,2.1569,0,0
185,122,0.6595,0,0
50,50,1,1,0
34,113,3.3235,1,0
25,100,4,1,0
31,88,2.8387,0,0
16,16,1,1,0
40,40,1,0,0
12,86,7.1667,1,0
25,124,4.96,1,0
51,110,2.1569,1,0
239,147,0.6151,0,0
51,110,2.1569,1,0
51,110,2.1569,0,0
51,110,2.1569,1,0
51,110,2.1569,1,0
23,58,2.5217,1,0
29,100,3.4483,1,0
20,151,7.55,1,0
102,179,1.7549,0,0
24,236,9.8333,1,0
51,110,2.1569,1,0
16,16,1,1,0
12,57,4.75,1,0
51,110,2.1569,1,0
140,172,1.2286,1,0
262,225,0.8588,0,0
21,133,6.3333,1,0
51,110,2.1569,1,0
16,16,1,1,0
11,89,8.0909,1,0
51,110,2.1569,1,0
51,110,2.1569,1,0
135,125,0.9259,1,0
20,10,0.5,1,0
102,179,1.7549,0,0
142,198,1.3944,1,0
12,98,8.1667,1,0
51,110,2.1569,1,0
51,110,2.1569,0,0
12,101,8.4167,1,0
11,96,8.7273,1,0
142,198,1.3944,1,0
20,92,4.6,1,0
16,16,1,1,0
54,100,1.8519,1,0
191,144,0.7539,0,0
51,110,2.1569,1,0
23,127,5.5217,1,0
22,150,6.8182,1,0
51,110,2.1569,1,0
20,92,4.6,1,0
120,120,1,1,0
51,50,0.9804,1,0
51,110,2.1569,0,0
20,134,6.7,1,0
51,110,2.1569,1,0
31,88,2.8387,0,0
11,94,8.5455,1,0
23,127,5.5217,1,0
87,94,1.0805,0,0
51,110,2.1569,1,0
25,100,4,1,0
51,110,2.1569,1,0
51,110,2.1569,1,0
142,198,1.3944,1,0
20,10,0.5,1,0
25,100,4,1,0
23,26,1.1304,1,0
51,110,2.1569,0,0
257,190,0.7393,1,0
51,110,2.1569,1,0
134,184,1.3731,0,0
120,120,1,1,0
66,170,2.5758,1,0
11,64,5.8182,1,0
32,32,1,1,0
51,110,2.1569,1,0
51,110,2.1569,1,0
154,231,1.5,0,0
120,120,1,1,0
10,600,60,1,0
51,110,2.1569,1,0
51,110,2.1569,1,0
51,110,2.1569,1,0
51,110,2.1569,1,0
108,120,1.1111,0,0
51,110,2.1569,1,0
51,110,2.1569,1,0
51,110,2.1569,0,0
200,150,0.75,0,0
44,110,2.5,1,0
51,110,2.1569,1,0
51,110,2.1569,1,0
12,86,7.1667,1,0
51,110,2.1569,1,0
51,110,2.1569,1,0
51,110,2.1569,1,0
75,150,2,1,0
51,110,2.1569,1,0
51,110,2.1569,1,0
51,209,4.098,1,0
16,16,1,1,0
12,101,8.4167,1,0
25,100,4,1,0
51,110,2.1569,1,0
51,110,2.1569,1,0
359,243,0.6769,1,0
51,110,2.1569,1,0
51,110,2.1569,1,0
12,102,8.5,1,0
21,112,5.3333,1,0
51,110,2.1569,1,0
15,15,1,1,0
51,110,2.1569,1,0
140,140,1,0,0
115,159,1.3826,0,0
50,200,4,0,0
175,158,0.9029,1,0
90,90,1,0,0
12,102,8.5,1,0
51,110,2.1569,1,0
85,237,2.7882,1,0
75,150,2,1,0
132,200,1.5152,0,0
120,120,1,1,0
51,110,2.1569,1,0
237,110,0.4641,1,0
131,122,0.9313,0,0
57,37,0.6491,0,0
96,122,1.2708,1,0
12,101,8.4167,1,0
58,150,2.5862,1,0
50,82,1.64,0,0
76,146,1.9211,1,0
16,16,1,1,0
78,101,1.2949,1,0
51,110,2.1569,1,0
90,90,1,0,0
125,125,1,0,0
51,110,2.1569,1,0
12,101,8.4167,1,0
90,109,1.2111,1,0
33,224,6.7879,1,0
51,110,2.1569,0,0
51,110,2.1569,1,0
23,26,1.1304,1,0
51,42,0.8235,1,0
51,110,2.1569,0,0
149,182,1.2215,0,0
31,88,2.8387,0,0
16,16,1,1,0
75,150,2,1,0
120,120,1,1,0
114,110,0.9649,0,0
35,126,3.6,1,0
51,110,2.1569,1,0
32,32,1,1,0
75,150,2,1,0
50,50,1,0,0
51,75,1.4706,1,0
96,135,1.4062,1,0
212,201,0.9481,0,0
60,95,1.5833,0,0
50,50,1,0,0
75,150,2,1,0
51,110,2.1569,1,0
51,110,2.1569,1,0
51,110,2.1569,0,0
11,94,8.5455,1,0
51,110,2.1569,1,0
31,88,2.8387,0,0
120,120,1,1,0
51,110,2.1569,1,0
35,126,3.6,0,0
95,80,0.8421,1,0
40,40,1,1,0
108,203,1.8796,1,0
11,96,8.7273,1,0
51,110,2.1569,0,0
25,25,1,1,0
64,64,1,1,0
35,126,3.6,1,0
18,191,10.6111,1,0
40,140,3.5,0,0
11,89,8.0909,1,0
140,140,1,0,0
123,137,1.1138,1,0
108,229,2.1204,1,0
51,110,2.1569,0,0
92,96,1.0435,0,0
12,57,4.75,1,0
31,88,2.8387,0,0
51,110,2.1569,1,0
51,110,2.1569,1,0
96,135,1.4062,1,0
54,90,1.6667,0,0
146,141,0.9658,1,0
51,110,2.1569,1,0
90,90,1,0,0
75,150,2,1,0
65,95,1.4615,1,0
16,16,1,1,0
90,90,1,0,0
75,234,3.12,0,0
51,110,2.1569,1,0
148,200,1.3514,0,0
51,110,2.1569,1,0
51,110,2.1569,1,0
35,156,4.4571,1,0
51,110,2.1569,1,0
51,110,2.1569,1,0
92,255,2.7717,0,0
60,67,1.1167,1,0
36,41,1.1389,0,0
51,110,2.1569,0,0
43,140,3.2558,0,0
51,110,2.1569,1,0
16,16,1,1,0
51,110,2.1569,1,0
70,50,0.7143,0,0
100,160,1.6,0,0
51,110,2.1569,1,0
90,90,1,0,0
51,110,2.1569,1,0
43,140,3.2558,0,0
35,126,3.6,1,0
11,11,1,1,0
11,94,8.5455,1,0
51,110,2.1569,1,0
40,46,1.15,1,0
84,73,0.869,1,0
51,110,2.1569,1,0
51,110,2.1569,1,0
133,120,0.9023,1,0
51,110,2.1569,1,0
11,11,1,0,0
154,196,1.2727,1,0
51,110,2.1569,0,0
90,90,1,0,0
41,239,5.8293,1,0
125,250,2,0,0
31,88,2.8387,1,0
51,110,2.1569,1,0
152,116,0.7632,1,0
20,92,4.6,1,0
51,110,2.1569,1,0
51,110,2.1569,1,0
90,90,1,0,0
51,110,2.1569,1,0
11,11,1,1,0
20,400,20,0,0
145,162,1.1172,1,0
48,264,5.5,1,0
11,64,5.8182,1,0
11,11,1,1,0
152,116,0.7632,1,0
70,59,0.8429,1,0
35,126,3.6,1,0
40,40,1,1,0
20,150,7.5,0,0
21,21,1,1,0
35,126,3.6,1,0
131,196,1.4962,1,0
40,46,1.15,1,0
12,101,8.4167,1,0
100,110,1.1,0,0
51,110,2.1569,1,0
51,110,2.1569,1,0
69,75,1.087,1,0
100,110,1.1,0,0
94,185,1.9681,1,0
40,46,1.15,1,0
20,150,7.5,0,0
82,77,0.939,1,0
78,101,1.2949,1,0
51,110,2.1569,1,0
20,10,0.5,1,0
51,110,2.1569,1,0
12,101,8.4167,1,0
51,110,2.1569,1,0
40,46,1.15,1,0
51,110,2.1569,1,0
214,150,0.7009,0,0
51,110,2.1569,1,0
110,176,1.6,1,0
90,127,1.4111,0,0
51,110,2.1569,1,0
23,26,1.1304,1,0
48,48,1,1,0
51,110,2.1569,1,0
32,32,1,1,0
11,64,5.8182,1,0
49,67,1.3673,1,0
50,50,1,0,0
51,70,1.3725,1,0
48,75,1.5625,1,0
152,116,0.7632,1,0
51,110,2.1569,1,0
36,38,1.0556,1,0
16,106,6.625,0,0
51,110,2.1569,1,0
51,110,2.1569,1,0
44,404,9.1818,0,0
80,200,2.5,1,0
16,106,6.625,0,0
100,110,1.1,0,0
75,59,0.7867,1,0
90,90,1,0,0
40,40,1,0,0
20,92,4.6,1,0
51,110,2.1569,1,0
28,140,5,1,0
35,156,4.4571,1,0
51,75,1.4706,1,0
20,10,0.5,1,0
15,15,1,1,0
152,116,0.7632,1,0
60,75,1.25,1,0
51,110,2.1569,1,0
100,100,1,0,0
90,90,1,0,0
23,30,1.3043,0,0
120,100,0.8333,0,0
51,110,2.1569,0,0
61,194,3.1803,1,0
30,36,1.2,1,0
133,161,1.2105,1,0
31,88,2.8387,0,0
72,73,1.0139,1,0
51,110,2.1569,1,0
57,89,1.5614,1,0
51,110,2.1569,1,0
119,250,2.1008,1,0
40,40,1,0,0
21,100,4.7619,1,0
87,102,1.1724,0,0
78,101,1.2949,1,0
85,66,0.7765,1,0
20,84,4.2,1,0
16,130,8.125,1,0
20,10,0.5,1,0
45,63,1.4,1,0
51,110,2.1569,1,0
16,16,1,1,0
51,110,2.1569,1,0
64,158,2.4688,0,0
62,128,2.0645,1,0
51,110,2.1569,1,0
40,40,1,0,0
23,26,1.1304,1,0
51,110,2.1569,1,0
154,231,1.5,0,0
29,60,2.069,0,0
40,40,1,1,0
15,15,1,1,0
96,466,4.8542,0,0
51,110,2.1569,1,0
51,110,2.1569,1,0
100,102,1.02,1,0
12,101,8.4167,1,0
51,110,2.1569,1,0
16,130,8.125,1,0
51,110,2.1569,1,0
115,150,1.3043,0,0
31,88,2.8387,0,0
51,200,3.9216,1,0
16,120,7.5,0,0
50,400,8,0,0
51,110,2.1569,1,0
89,83,0.9326,1,0
51,110,2.1569,0,0
44,38,0.8636,1,0
51,110,2.1569,1,0
56,56,1,1,0
193,180,0.9326,1,0
51,110,2.1569,1,0
51,110,2.1569,1,0
51,110,2.1569,1,0
71,61,0.8592,1,0
51,110,2.1569,1,0
51,110,2.1569,1,0
51,161,3.1569,0,0
62,128,2.0645,1,0
51,110,2.1569,1,0
51,110,2.1569,0,0
71,71,1,1,0
31,88,2.8387,0,0
134,184,1.3731,0,0
51,110,2.1569,1,0
65,110,1.6923,0,0
51,110,2.1569,1,0
61,161,2.6393,0,0
51,110,2.1569,1,0
51,110,2.1569,1,0
51,110,2.1569,1,0
52,52,1,1,0
65,110,1.6923,0,0
51,110,2.1569,1,0
31,88,2.8387,0,0
51,110,2.1569,1,0
12,101,8.4167,1,0
27,41,1.5185,1,0
115,212,1.8435,1,0
11,89,8.0909,1,0
51,161,3.1569,1,0
16,106,6.625,1,0
51,110,2.1569,1,0
51,225,4.4118,1,0
60,202,3.3667,1,0
16,130,8.125,1,0
51,110,2.1569,1,0
125,125,1,0,0
44,110,2.5,1,0
51,110,2.1569,1,0
51,110,2.1569,1,0
51,161,3.1569,0,0
74,74,1,1,0
16,130,8.125,1,0
51,110,2.1569,1,0
51,110,2.1569,1,0
72,72,1,1,0
77,77,1,0,0
51,110,2.1569,1,0
16,130,8.125,1,0
51,110,2.1569,1,0
51,110,2.1569,0,0
51,110,2.1569,1,0
134,184,1.3731,0,0
51,110,2.1569,1,0
144,50,0.3472,1,0
51,110,2.1569,0,0
20,600,30,0,0
16,106,6.625,1,0
44,110,2.5,1,0
51,110,2.1569,1,0
51,110,2.1569,1,0
40,46,1.15,1,0
12,57,4.75,1,0
15,15,1,1,0
154,231,1.5,0,0
12,123,10.25,1,0
44,110,2.5,1,0
149,182,1.2215,1,0
51,110,2.1569,1,0
44,110,2.5,1,0
10,600,60,1,0
51,110,2.1569,1,0
51,110,2.1569,1,0
51,110,2.1569,1,0
51,110,2.1569,1,0
51,110,2.1569,1,0
74,78,1.0541,1,0
31,88,2.8387,0,0
51,110,2.1569,1,0
51,110,2.1569,0,0
51,110,2.1569,1,0
100,149,1.49,0,0
100,100,1,1,0
16,16,1,1,0
51,110,2.1569,1,0
51,110,2.1569,1,0
51,110,2.1569,0,0
13,255,19.6154,1,0
11,11,1,0,0
32,32,1,1,0
51,110,2.1569,1,0
16,16,1,1,0
60,120,2,1,0
62,60,0.9677,1,0
306,372,1.2157,1,0
32,88,2.75,0,0
51,110,2.1569,1,0
51,110,2.1569,0,0
149,182,1.2215,0,0
84,87,1.0357,1,0
51,110,2.1569,1,0
113,204,1.8053,0,0
16,130,8.125,1,0
51,110,2.1569,1,0
51,161,3.1569,0,0
84,87,1.0357,1,0
57,45,0.7895,1,0
100,100,1,1,0
51,110,2.1569,1,0
63,60,0.9524,1,0
15,15,1,1,0
16,130,8.125,1,0
31,88,2.8387,1,0
34,44,1.2941,1,0
51,110,2.1569,1,0
26,133,5.1154,1,0
65,55,0.8462,1,0
16,16,1,1,0
60,45,0.75,1,0
51,110,2.1569,1,0
51,110,2.1569,1,0
140,140,1,0,0
51,110,2.1569,1,0
51,110,2.1569,1,0
96,135,1.4062,1,0
51,201,3.9412,1,0
213,240,1.1268,1,0
10,600,60,1,0
60,45,0.75,1,0
16,130,8.125,1,0
51,110,2.1569,1,0
36,41,1.1389,0,0
51,110,2.1569,1,0
51,110,2.1569,1,0
51,110,2.1569,0,0
115,205,1.7826,1,0
51,110,2.1569,1,0
51,110,2.1569,0,0
51,110,2.1569,1,0
51,110,2.1569,1,0
11,96,8.7273,1,0
51,110,2.1569,1,0
51,110,2.1569,1,0
51,110,2.1569,1,0
12,123,10.25,1,0
44,110,2.5,1,0
11,11,1,1,0
51,110,2.1569,1,0
16,16,1,1,0
51,110,2.1569,1,0
11,11,1,1,0
15,15,1,1,0
51,110,2.1569,1,0
135,165,1.2222,0,0
51,110,2.1569,1,0
51,110,2.1569,1,0
84,88,1.0476,1,0
16,130,8.125,1,0
51,110,2.1569,1,0
51,110,2.1569,0,0
31,88,2.8387,0,0
44,110,2.5,1,0
51,110,2.1569,1,0
12,101,8.4167,1,0
44,110,2.5,1,0
46,140,3.0435,1,0
120,120,1,1,0
51,110,2.1569,1,0
51,110,2.1569,1,0
65,145,2.2308,1,0
15,15,1,1,0
11,11,1,1,0
108,179,1.6574,1,0
16,16,1,1,0
51,110,2.1569,1,0
187,290,1.5508,1,0
84,135,1.6071,1,0
43,126,2.9302,0,0
36,140,3.8889,1,0
56,128,2.2857,1,0
43,126,2.9302,1,0
51,110,2.1569,1,0
51,110,2.1569,1,0
51,110,2.1569,1,0
15,15,1,1,0
12,102,8.5,1,0
43,125,2.907,1,0
16,16,1,1,0
152,394,2.5921,1,0
51,110,2.1569,1,0
44,110,2.5,1,0
51,110,2.1569,1,0
43,211,4.907,0,0
51,110,2.1569,1,0
62,88,1.4194,1,0
51,110,2.1569,1,0
51,76,1.4902,0,0
44,110,2.5,1,0
51,110,2.1569,1,0
35,54,1.5429,1,0
51,110,2.1569,1,0
110,210,1.9091,1,0
114,110,0.9649,0,0
51,110,2.1569,1,0
12,57,4.75,1,0
27,119,4.4074,0,0
36,140,3.8889,1,0
63,202,3.2063,1,0
10,600,60,1,0
26,133,5.1154,1,0
16,16,1,1,0
51,110,2.1569,1,0
70,105,1.5,1,0
16,130,8.125,1,0
12,102,8.5,1,0
44,48,1.0909,1,0
11,11,1,1,0
51,110,2.1569,1,0
51,110,2.1569,1,0
51,110,2.1569,1,0
104,135,1.2981,1,0
60,140,2.3333,1,0
51,110,2.1569,1,0
11,11,1,1,0
59,94,1.5932,1,0
44,46,1.0455,1,0
86,54,0.6279,0,0
75,95,1.2667,1,0
51,110,2.1569,0,0
108,151,1.3981,1,0
35,54,1.5429,1,0
75,55,0.7333,1,0
12,101,8.4167,1,0
51,110,2.1569,1,0
51,110,2.1569,1,0
51,110,2.1569,1,0
36,140,3.8889,1,0
51,110,2.1569,1,0
90,90,1,0,0
16,16,1,1,0
75,229,3.0533,0,0
132,270,2.0455,1,0
36,140,3.8889,1,0
22,200,9.0909,1,0
107,135,1.2617,1,0
25,80,3.2,1,0
31,88,2.8387,0,0
11,11,1,0,0
90,90,1,0,0
16,16,1,1,0
44,140,3.1818,1,0
110,210,1.9091,1,0
35,54,1.5429,1,0
75,71,0.9467,1,0
60,140,2.3333,1,0
51,110,2.1569,0,0
63,75,1.1905,1,0
13,89,6.8462,1,0
51,110,2.1569,0,0
31,88,2.8387,0,0
51,110,2.1569,0,0
35,54,1.5429,1,0
11,89,8.0909,1,0
51,110,2.1569,1,0
25,133,5.32,1,0
49,96,1.9592,0,0
51,110,2.1569,1,0
146,114,0.7808,0,0
51,110,2.1569,1,0
99,103,1.0404,1,0
12,57,4.75,1,0
60,140,2.3333,1,0
51,110,2.1569,1,0
51,110,2.1569,1,0
11,11,1,1,0
100,78,0.78,0,0
16,16,1,1,0
51,110,2.1569,0,0
110,210,1.9091,1,0
80,85,1.0625,1,0
33,159,4.8182,0,0
11,96,8.7273,1,0
51,110,2.1569,1,0
45,48,1.0667,1,0
51,110,2.1569,1,0
36,140,3.8889,1,0
75,73,0.9733,1,0
90,73,0.8111,0,0
57,50,0.8772,1,0
51,110,2.1569,1,0
93,135,1.4516,1,0
70,70,1,1,0
13,89,6.8462,1,0
118,79,0.6695,0,0
11,11,1,1,0
12,98,8.1667,1,0
43,46,1.0698,1,0
63,202,3.2063,1,0
54,100,1.8519,1,0
51,110,2.1569,1,0
60,140,2.3333,1,0
99,101,1.0202,0,0
18,24,1.3333,0,0
51,110,2.1569,1,0
45,47,1.0444,1,0
51,110,2.1569,1,0
80,89,1.1125,1,0
51,110,2.1569,1,0
132,100,0.7576,0,0
51,110,2.1569,0,0
39,38,0.9744,1,0
26,133,5.1154,1,0
110,210,1.9091,1,0
70,50,0.7143,0,0
12,102,8.5,1,0
16,16,1,1,0
165,140,0.8485,1,0
12,101,8.4167,1,0
70,75,1.0714,1,0
63,202,3.2063,1,0
47,50,1.0638,1,0
51,110,2.1569,0,0
60,140,2.3333,1,0
51,110,2.1569,1,0
13,89,6.8462,1,0
51,110,2.1569,1,0
51,110,2.1569,1,0
51,110,2.1569,1,0
63,202,3.2063,1,0
85,85,1,0,0
80,83,1.0375,1,0
51,110,2.1569,1,0
20,96,4.8,1,0
35,54,1.5429,1,0
63,202,3.2063,1,0
12,98,8.1667,1,0
16,140,8.75,1,0
40,48,1.2,1,0
23,26,1.1304,1,0
60,140,2.3333,1,0
80,41,0.5125,1,0
51,110,2.1569,1,0
35,54,1.5429,1,0
16,16,1,1,0
351,494,1.4074,0,0
12,101,8.4167,1,0
51,110,2.1569,1,0
51,110,2.1569,1,0
41,67,1.6341,0,0
51,110,2.1569,0,0
110,210,1.9091,1,0
36,140,3.8889,1,0
51,110,2.1569,1,0
51,110,2.1569,1,0
59,94,1.5932,1,0
13,89,6.8462,1,0
51,110,2.1569,0,0
51,110,2.1569,1,0
100,176,1.76,0,0
44,47,1.0682,1,0
31,88,2.8387,0,0
12,86,7.1667,1,0
60,140,2.3333,1,0
11,94,8.5455,1,0
16,140,8.75,1,0
23,26,1.1304,1,0
37,94,2.5405,0,0
51,110,2.1569,1,0
11,11,1,1,0
32,259,8.0938,0,0
51,110,2.1569,1,0
95,174,1.8316,1,0
11,64,5.8182,1,0
216,165,0.7639,1,0
51,110,2.1569,1,0
51,110,2.1569,1,0
107,135,1.2617,1,0
60,75,1.25,1,0
18,24,1.3333,0,0
37,216,5.8378,1,0
51,110,2.1569,1,0
24,32,1.3333,1,0
33,290,8.7879,1,0
51,110,2.1569,0,0
51,110,2.1569,1,0
75,57,0.76,1,0
12,101,8.4167,1,0
51,110,2.1569,0,0
100,160,1.6,0,0
82,192,2.3415,1,0
80,85,1.0625,1,0
51,110,2.1569,1,0
11,89,8.0909,1,0
48,264,5.5,1,0
31,88,2.8387,0,0
36,140,3.8889,1,0
11,94,8.5455,1,0
22,38,1.7273,1,0
32,319,9.9688,1,0
12,57,4.75,1,0
51,110,2.1569,1,0
16,16,1,1,0
51,110,2.1569,1,0
75,95,1.2667,1,0
51,110,2.1569,0,0
45,44,0.9778,1,0
51,110,2.1569,0,0
31,88,2.8387,0,0
75,71,0.9467,1,0
51,110,2.1569,1,0
51,110,2.1569,1,0
51,110,2.1569,1,0
51,110,2.1569,1,0
45,44,0.9778,1,0
24,32,1.3333,1,0
51,110,2.1569,0,0
51,110,2.1569,1,0
51,110,2.1569,1,0
31,88,2.8387,0,0
70,15,0.2143,0,0
15,15,1,1,0
45,201,4.4667,1,0
13,89,6.8462,1,0
51,110,2.1569,1,0
51,110,2.1569,0,0
51,110,2.1569,1,0
51,110,2.1569,0,0
12,57,4.75,1,0
45,216,4.8,1,0
60,140,2.3333,1,0
18,24,1.3333,1,0
18,20,1.1111,1,0
51,110,2.1569,1,0
51,110,2.1569,1,0
11,96,8.7273,1,0
23,127,5.5217,1,0
51,110,2.1569,1,0
51,110,2.1569,0,0
51,110,2.1569,1,0
110,110,1,0,0
50,75,1.5,1,0
51,110,2.1569,1,0
51,110,2.1569,0,0
51,161,3.1569,1,0
51,110,2.1569,1,0
51,110,2.1569,1,0
11,96,8.7273,1,0
16,16,1,1,0
11,89,8.0909,1,0
165,140,0.8485,1,0
51,110,2.1569,1,0
75,67,0.8933,1,0
80,83,1.0375,1,0
35,75,2.1429,1,0
51,110,2.1569,1,0
57,85,1.4912,1,0
51,161,3.1569,1,0
276,150,0.5435,1,0
16,16,1,1,0
51,110,2.1569,0,0
46,75,1.6304,1,0
31,88,2.8387,0,0
165,140,0.8485,1,0
35,62,1.7714,1,0
51,161,3.1569,1,0
23,127,5.5217,1,0
51,110,2.1569,0,0
50,50,1,1,0
52,15,0.2885,1,0
120,166,1.3833,1,0
16,16,1,1,0
11,64,5.8182,1,0
11,400,36.3636,1,0
51,110,2.1569,1,0
15,107,7.1333,0,0
51,110,2.1569,1,0
51,110,2.1569,1,0
51,110,2.1569,1,0
11,89,8.0909,1,0
31,88,2.8387,1,0
48,264,5.5,1,0
11,94,8.5455,1,0
51,110,2.1569,1,0
51,110,2.1569,1,0
46,96,2.087,1,0
51,161,3.1569,1,0
51,110,2.1569,1,0
51,110,2.1569,0,0
70,50,0.7143,0,0
51,110,2.1569,1,0
12,85,7.0833,1,0
51,110,2.1569,1,0
51,110,2.1569,1,0
43,108,2.5116,1,0
51,110,2.1569,1,0
63,150,2.381,1,0
12,86,7.1667,1,0
16,130,8.125,1,0
11,96,8.7273,1,0
51,110,2.1569,0,0
110,140,1.2727,0,0
40,102,2.55,1,0
16,16,1,1,0
51,110,2.1569,1,0
41,119,2.9024,1,0
12,102,8.5,1,0
51,110,2.1569,1,0
51,110,2.1569,1,0
51,110,2.1569,1,0
77,77,1,1,0
51,110,2.1569,1,0
100,178,1.78,0,0
51,110,2.1569,1,0
42,372,8.8571,1,0
51,110,2.1569,0,0
51,110,2.1569,1,0
23,127,5.5217,1,0
51,110,2.1569,1,0
51,110,2.1569,1,0
16,20,1.25,1,0
43,126,2.9302,1,0
45,216,4.8,1,0
75,66,0.88,0,0
81,85,1.0494,1,0
12,89,7.4167,1,0
96,175,1.8229,1,0
51,110,2.1569,1,0
40,40,1,1,0
12,101,8.4167,1,0
40,70,1.75,1,0
45,216,4.8,1,0
24,24,1,1,0
51,110,2.1569,1,0
51,110,2.1569,0,0
98,162,1.6531,1,0
162,600,3.7037,1,0
16,130,8.125,1,0
51,110,2.1569,1,0
15,80,5.3333,0,0
51,110,2.1569,1,0
110,90,0.8182,1,0
102,179,1.7549,0,0
149,182,1.2215,0,0
51,110,2.1569,1,0
16,130,8.125,1,0
51,110,2.1569,1,0
51,110,2.1569,1,0
51,110,2.1569,1,0
29,160,5.5172,0,0
15,80,5.3333,0,0
138,139,1.0072,0,0
31,88,2.8387,0,0
40,70,1.75,1,0
47,120,2.5532,0,0
51,110,2.1569,1,0
51,161,3.1569,1,0
51,110,2.1569,1,0
45,240,5.3333,1,0
51,110,2.1569,1,0
51,110,2.1569,1,0
15,80,5.3333,1,0
31,88,2.8387,0,0
51,110,2.1569,1,0
51,110,2.1569,0,0
75,97,1.2933,1,0
23,127,5.5217,1,0
165,140,0.8485,1,0
70,15,0.2143,0,0
12,98,8.1667,1,0
16,16,1,1,0
51,110,2.1569,1,0
24,24,1,1,0
225,225,1,1,0
51,110,2.1569,1,0
51,110,2.1569,1,0
16,16,1,1,0
51,110,2.1569,1,0
51,110,2.1569,1,0
102,179,1.7549,0,0
35,187,5.3429,1,0
24,24,1,1,0
50,50,1,1,0
362,350,0.9669,1,0
51,110,2.1569,1,0
51,110,2.1569,1,0
51,110,2.1569,0,0
51,110,2.1569,1,0
51,110,2.1569,0,0
31,88,2.8387,0,0
51,161,3.1569,1,0
40,61,1.525,1,0
11,96,8.7273,1,0
10,600,60,1,0
51,161,3.1569,1,0
51,110,2.1569,1,0
90,128,1.4222,0,0
11,94,8.5455,1,0
51,110,2.1569,0,0
41,61,1.4878,1,0
51,110,2.1569,1,0
51,110,2.1569,1,0
15,80,5.3333,1,0
51,110,2.1569,1,0
11,94,8.5455,1,0
24,24,1,1,0
40,86,2.15,1,0
20,96,4.8,1,0
16,16,1,1,0
51,110,2.1569,1,0
51,110,2.1569,1,0
35,135,3.8571,1,0
57,319,5.5965,0,0
51,110,2.1569,0,0
165,43,0.2606,1,0
51,110,2.1569,1,0
24,30,1.25,1,0
51,110,2.1569,1,0
51,110,2.1569,1,0
150,238,1.5867,1,0
100,100,1,1,0
39,78,2,1,0
55,55,1,1,0
165,43,0.2606,1,0
12,59,4.9167,1,0
14,82,5.8571,0,0
51,110,2.1569,1,0
51,110,2.1569,1,0
51,110,2.1569,1,0
51,110,2.1569,1,0
51,110,2.1569,1,0
51,110,2.1569,1,0
40,111,2.775,1,0
51,110,2.1569,1,0
51,110,2.1569,1,0
35,146,4.1714,1,0
40,400,10,0,0
115,205,1.7826,0,0
16,16,1,1,0
51,110,2.1569,1,0
51,110,2.1569,0,0
70,100,1.4286,1,0
31,112,3.6129,1,0
11,89,8.0909,1,0
24,150,6.25,1,0
48,264,5.5,1,0
51,110,2.1569,1,0
77,100,1.2987,0,0
170,207,1.2176,1,0
51,110,2.1569,1,0
293,175,0.5973,0,0
24,30,1.25,1,0
25,25,1,1,0
51,110,2.1569,1,0
11,64,5.8182,1,0
51,110,2.1569,1,0
16,16,1,1,0
51,110,2.1569,1,0
27,43,1.5926,1,0
51,110,2.1569,1,0
42,42,1,1,0
125,200,1.6,1,0
10,34,3.4,1,0
11,94,8.5455,1,0
51,110,2.1569,1,0
24,24,1,1,0
51,110,2.1569,0,0
51,110,2.1569,0,0
51,110,2.1569,1,0
195,127,0.6513,1,0
28,105,3.75,1,0
50,81,1.62,1,0
140,140,1,0,0
24,24,1,1,0
51,110,2.1569,0,0
35,119,3.4,1,0
36,140,3.8889,1,0
99,437,4.4141,1,0
51,110,2.1569,0,0
114,107,0.9386,0,0
24,30,1.25,1,0
23,26,1.1304,1,0
51,110,2.1569,0,0
51,110,2.1569,0,0
51,110,2.1569,1,0
214,204,0.9533,1,0
40,129,3.225,1,0
24,24,1,1,0
24,150,6.25,1,0
24,30,1.25,1,0
38,38,1,1,0
51,110,2.1569,1,0
31,88,2.8387,0,0
51,110,2.1569,1,0
25,100,4,1,0
51,110,2.1569,1,0
22,200,9.0909,1,0
51,110,2.1569,1,0
16,81,5.0625,1,0
24,30,1.25,1,0
100,100,1,1,0
31,88,2.8387,1,0
23,66,2.8696,1,0
15,80,5.3333,1,0
51,110,2.1569,1,0
211,210,0.9953,1,0
38,38,1,1,0
16,16,1,1,0
60,80,1.3333,1,0
180,224,1.2444,1,0
12,101,8.4167,1,0
36,41,1.1389,0,0
86,83,0.9651,1,0
51,110,2.1569,0,0
38,160,4.2105,1,0
51,110,2.1569,1,0
40,40,1,1,0
51,110,2.1569,1,0
40,48,1.2,1,0
52,144,2.7692,1,0
51,110,2.1569,0,0
51,110,2.1569,1,0
258,257,0.9961,0,0
25,100,4,1,0
36,140,3.8889,1,0
12,98,8.1667,1,0
51,110,2.1569,1,0
39,71,1.8205,1,0
51,110,2.1569,1,0
10,38,3.8,1,0
24,150,6.25,1,0
12,102,8.5,1,0
25,100,4,1,0
51,110,2.1569,1,0
16,16,1,1,0
26,104,4,1,0
25,100,4,1,0
35,99,2.8286,1,0
31,88,2.8387,0,0
20,96,4.8,1,0
51,110,2.1569,0,0
12,57,4.75,1,0
26,104,4,1,0
51,110,2.1569,1,0
51,110,2.1569,0,0
10,46,4.6,1,0
51,110,2.1569,1,0
51,110,2.1569,0,0
51,110,2.1569,1,0
42,43,1.0238,1,0
51,110,2.1569,1,0
200,200,1,1,0
51,110,2.1569,1,0
51,110,2.1569,1,0
58,58,1,1,0
24,30,1.25,1,0
40,48,1.2,1,0
51,110,2.1569,0,0
52,144,2.7692,1,0
36,140,3.8889,1,0
51,110,2.1569,1,0
51,110,2.1569,1,0
30,30,1,1,0
28,105,3.75,1,0
43,40,0.9302,1,0
51,110,2.1569,0,0
10,21,2.1,1,0
31,88,2.8387,0,0
70,96,1.3714,1,0
51,110,2.1569,1,0
52,144,2.7692,1,0
103,92,0.8932,1,0
42,43,1.0238,1,0
169,94,0.5562,0,0
51,110,2.1569,1,0
51,110,2.1569,1,0
51,110,2.1569,1,0
28,105,3.75,1,0
98,150,1.5306,1,0
108,110,1.0185,1,0
90,85,0.9444,1,0
67,104,1.5522,1,0
43,42,0.9767,1,0
51,110,2.1569,1,0
16,86,5.375,1,0
51,110,2.1569,1,0
22,200,9.0909,1,0
52,144,2.7692,1,0
75,200,2.6667,1,0
100,100,1,1,0
51,110,2.1569,0,0
51,110,2.1569,0,0
53,53,1,1,0
51,110,2.1569,1,0
24,30,1.25,1,0
16,16,1,1,0
38,41,1.0789,1,0
51,110,2.1569,1,0
51,110,2.1569,0,0
51,110,2.1569,0,0
51,110,2.1569,1,0
26,104,4,1,0
134,184,1.3731,0,0
51,110,2.1569,0,0
24,30,1.25,1,0
28,105,3.75,1,0
16,90,5.625,1,0
40,48,1.2,1,0
36,140,3.8889,1,0
26,104,4,1,0
24,30,1.25,1,0
18,66,3.6667,1,0
154,231,1.5,0,0
36,140,3.8889,1,0
11,64,5.8182,1,0
51,110,2.1569,1,0
10,600,60,1,0
51,110,2.1569,1,0
28,105,3.75,1,0
52,144,2.7692,1,0
54,56,1.037,1,0
16,43,2.6875,1,0
51,110,2.1569,1,0
16,16,1,1,0
28,105,3.75,1,0
30,143,4.7667,0,0
105,101,0.9619,1,0
75,95,1.2667,1,0
51,110,2.1569,1,0
28,105,3.75,1,0
60,55,0.9167,1,0
51,110,2.1569,1,0
43,114,2.6512,0,0
45,45,1,1,0
24,30,1.25,1,0
25,100,4,1,0
51,110,2.1569,0,0
40,48,1.2,1,0
38,44,1.1579,1,0
51,110,2.1569,1,0
51,110,2.1569,0,0
28,105,3.75,1,0
51,110,2.1569,1,0
109,108,0.9908,1,0
52,15,0.2885,1,0
16,16,1,1,0
205,200,0.9756,1,0
49,87,1.7755,0,0
43,43,1,1,0
51,110,2.1569,1,0
51,110,2.1569,0,0
51,110,2.1569,1,0
99,150,1.5152,1,0
90,65,0.7222,1,0
114,110,0.9649,0,0
105,150,1.4286,1,0
51,110,2.1569,1,0
49,87,1.7755,0,0
51,110,2.1569,0,0
31,88,2.8387,0,0
61,185,3.0328,1,0
11,64,5.8182,1,0
51,110,2.1569,0,0
51,110,2.1569,1,0
19,450,23.6842,1,0
80,125,1.5625,0,0
51,110,2.1569,1,0
49,119,2.4286,1,0
51,110,2.1569,1,0
51,110,2.1569,1,0
69,325,4.7101,0,0
56,100,1.7857,1,0
28,105,3.75,1,0
80,125,1.5625,0,0
22,122,5.5455,1,0
110,393,3.5727,1,0
51,110,2.1569,1,0
16,16,1,1,0
22,250,11.3636,1,0
51,110,2.1569,1,0
28,105,3.75,1,0
51,110,2.1569,1,0
120,150,1.25,0,0
24,24,1,0,0
51,110,2.1569,1,0
61,65,1.0656,1,0
100,150,1.5,1,0
35,288,8.2286,1,0
24,30,1.25,1,0
51,110,2.1569,1,0
51,110,2.1569,0,0
68,92,1.3529,1,0
227,180,0.793,1,0
31,88,2.8387,0,0
51,110,2.1569,1,0
51,115,2.2549,0,0
16,54,3.375,1,0
39,143,3.6667,0,0
104,150,1.4423,1,0
75,99,1.32,1,0
111,110,0.991,1,0
110,275,2.5,1,0
51,110,2.1569,1,0
32,32,1,1,0
51,110,2.1569,1,0
51,110,2.1569,1,0
28,105,3.75,1,0
25,31,1.24,1,0
24,24,1,0,0
62,120,1.9355,1,0
49,61,1.2449,1,0
24,30,1.25,1,0
38,198,5.2105,1,0
109,91,0.8349,1,0
51,110,2.1569,1,0
51,110,2.1569,1,0
16,16,1,1,0
51,110,2.1569,0,0
51,110,2.1569,1,0
16,76,4.75,1,0
32,32,1,1,0
51,110,2.1569,0,0
51,110,2.1569,1,0
125,95,0.76,0,0
100,150,1.5,1,0
87,150,1.7241,1,0
149,182,1.2215,0,0
51,110,2.1569,1,0
35,97,2.7714,1,0
129,149,1.155,1,0
51,110,2.1569,0,0
151,393,2.6026,0,0
51,110,2.1569,1,0
106,183,1.7264,0,0
35,64,1.8286,1,0
100,100,1,1,0
58,252,4.3448,1,0
113,110,0.9735,1,0
51,110,2.1569,0,0
102,179,1.7549,0,0
51,110,2.1569,1,0
106,90,0.8491,1,0
51,110,2.1569,1,0
51,110,2.1569,0,0
51,110,2.1569,1,0
16,16,1,1,0
100,89,0.89,0,0
24,30,1.25,1,0
51,110,2.1569,0,0
51,110,2.1569,1,0
50,50,1,0,0
51,110,2.1569,1,0
36,35,0.9722,1,0
480,640,1.3333,1,0
51,80,1.5686,1,0
113,110,0.9735,1,0
51,110,2.1569,0,0
34,133,3.9118,1,0
51,110,2.1569,0,0
57,45,0.7895,1,0
74,70,0.9459,0,0
51,110,2.1569,1,0
51,80,1.5686,1,0
51,110,2.1569,1,0
154,231,1.5,0,0
15,80,5.3333,1,0
105,200,1.9048,1,0
51,110,2.1569,1,0
100,150,1.5,0,0
100,190,1.9,0,0
51,110,2.1569,1,0
51,110,2.1569,1,0
24,30,1.25,1,0
100,172,1.72,0,0
134,184,1.3731,0,0
29,230,7.931,1,0
95,150,1.5789,1,0
51,110,2.1569,1,0
94,73,0.7766,0,0
65,45,0.6923,1,0
19,19,1,1,0
51,110,2.1569,1,0
51,110,2.1569,0,0
51,110,2.1569,1,0
112,110,0.9821,1,0
51,110,2.1569,0,0
51,110,2.1569,1,0
24,30,1.25,1,0
160,126,0.7875,0,0
33,33,1,1,0
51,110,2.1569,1,0
151,236,1.5629,1,0
60,67,1.1167,1,0
19,96,5.0526,0,0
51,110,2.1569,1,0
58,55,0.9483,1,0
60,100,1.6667,1,0
51,80,1.5686,1,0
16,16,1,1,0
94,289,3.0745,1,0
72,72,1,1,0
50,54,1.08,1,0
51,110,2.1569,0,0
70,65,0.9286,1,0
32,32,1,1,0
35,64,1.8286,1,0
51,110,2.1569,0,0
16,16,1,1,0
15,80,5.3333,1,0
12,55,4.5833,1,0
350,212,0.6057,1,0
51,110,2.1569,1,0
31,88,2.8387,0,0
10,44,4.4,1,0
58,252,4.3448,0,0
51,110,2.1569,0,0
15,80,5.3333,1,0
40,590,14.75,1,0
12,101,8.4167,1,0
51,110,2.1569,1,0
24,30,1.25,1,0
100,167,1.67,0,0
51,110,2.1569,0,0
51,110,2.1569,1,0
51,110,2.1569,1,0
15,80,5.3333,1,0
82,84,1.0244,0,0
83,110,1.3253,1,0
110,76,0.6909,0,0
72,15,0.2083,1,0
24,24,1,1,0
16,16,1,1,0
134,184,1.3731,0,0
35,75,2.1429,1,0
30,124,4.1333,0,0
15,80,5.3333,1,0
51,110,2.1569,1,0
28,280,10,1,0
51,72,1.4118,0,0
31,88,2.8387,0,0
23,26,1.1304,1,0
12,74,6.1667,0,0
35,70,2,1,0
10,600,60,1,0
51,110,2.1569,1,0
51,110,2.1569,1,0
91,180,1.978,1,0
140,180,1.2857,1,0
24,30,1.25,1,0
51,110,2.1569,1,0
15,80,5.3333,1,0
24,24,1,1,0
51,110,2.1569,1,0
154,231,1.5,0,0
35,84,2.4,1,0
24,30,1.25,1,0
246,180,0.7317,1,0
40,237,5.925,1,0
51,110,2.1569,1,0
15,80,5.3333,1,0
51,110,2.1569,1,0
140,180,1.2857,1,0
31,88,2.8387,0,0
51,72,1.4118,0,0
51,110,2.1569,0,0
51,110,2.1569,1,0
28,230,8.2143,1,0
140,180,1.2857,1,0
26,120,4.6154,1,0
50,400,8,1,0
51,110,2.1569,0,0
51,110,2.1569,0,0
51,110,2.1569,1,0
15,80,5.3333,1,0
28,230,8.2143,1,0
51,110,2.1569,1,0
51,110,2.1569,0,0
42,125,2.9762,1,0
51,110,2.1569,1,0
40,140,3.5,0,0
51,110,2.1569,1,0
51,110,2.1569,0,0
31,88,2.8387,0,0
24,30,1.25,1,0
16,109,6.8125,1,0
51,110,2.1569,1,0
51,110,2.1569,1,0
24,24,1,1,0
141,419,2.9716,1,0
62,88,1.4194,1,0
15,80,5.3333,1,0
51,110,2.1569,1,0
96,65,0.6771,1,0
51,110,2.1569,1,0
15,80,5.3333,1,0
31,88,2.8387,1,0
51,110,2.1569,1,0
15,80,5.3333,1,0
110,120,1.0909,1,0
28,229,8.1786,1,0
31,88,2.8387,0,0
51,110,2.1569,1,0
51,110,2.1569,0,0
11,89,8.0909,1,0
51,110,2.1569,0,0
140,140,1,0,0
23,26,1.1304,1,0
100,505,5.05,1,0
57,55,0.9649,1,0
18,24,1.3333,1,0
12,98,8.1667,1,0
51,110,2.1569,1,0
28,100,3.5714,1,0
11,64,5.8182,1,0
62,128,2.0645,1,0
100,100,1,1,0
51,110,2.1569,1,0
80,90,1.125,1,0
60,60,1,0,0
46,96,2.087,1,0
80,76,0.95,1,0
46,96,2.087,1,0
51,110,2.1569,1,0
12,102,8.5,1,0
11,96,8.7273,1,0
51,110,2.1569,1,0
101,389,3.8515,1,0
100,80,0.8,1,0
51,110,2.1569,0,0
51,110,2.1569,1,0
51,110,2.1569,0,0
48,80,1.6667,1,0
12,101,8.4167,1,0
51,110,2.1569,0,0
12,57,4.75,1,0
51,110,2.1569,0,0
51,110,2.1569,0,0
12,101,8.4167,1,0
33,33,1,1,0
100,100,1,1,0
43,44,1.0233,1,0
100,505,5.05,1,0
118,136,1.1525,1,0
28,100,3.5714,1,0
100,100,1,1,0
33,33,1,1,0
23,26,1.1304,1,0
11,89,8.0909,1,0
51,110,2.1569,1,0
52,15,0.2885,1,0
46,96,2.087,1,0
18,24,1.3333,0,0
51,110,2.1569,1,0
46,96,2.087,1,0
51,110,2.1569,1,0
90,90,1,0,0
51,110,2.1569,1,0
11,64,5.8182,1,0
46,96,2.087,1,0
51,110,2.1569,0,0
58,252,4.3448,1,0
51,110,2.1569,1,0
20,100,5,1,0
75,200,2.6667,1,0
11,64,5.8182,1,0
46,96,2.087,1,0
12,98,8.1667,1,0
60,60,1,1,0
11,94,8.5455,1,0
140,140,1,0,0
51,110,2.1569,1,0
46,96,2.087,1,0
40,40,1,1,0
58,252,4.3448,1,0
43,157,3.6512,0,0
11,94,8.5455,1,0
27,100,3.7037,1,0
140,140,1,0,0
80,86,1.075,1,0
58,285,4.9138,1,0
48,264,5.5,1,0
51,110,2.1569,0,0
51,110,2.1569,1,0
65,52,0.8,0,0
20,100,5,1,0
58,252,4.3448,0,0
86,72,0.8372,1,0
51,110,2.1569,1,0
20,100,5,1,0
31,124,4,1,0
12,102,8.5,1,0
51,110,2.1569,0,0
60,140,2.3333,1,0
12,86,7.1667,1,0
51,110,2.1569,1,0
23,216,9.3913,0,0
75,100,1.3333,1,0
60,140,2.3333,1,0
33,33,1,1,0
95,110,1.1579,1,0
46,96,2.087,1,0
100,100,1,1,0
38,96,2.5263,1,0
23,19,0.8261,1,0
51,110,2.1569,0,0
12,101,8.4167,1,0
39,90,2.3077,1,0
60,43,0.7167,1,0
30,100,3.3333,1,0
80,89,1.1125,1,0
138,200,1.4493,1,0
19,80,4.2105,0,0
12,102,8.5,1,0
60,43,0.7167,1,0
45,130,2.8889,1,0
20,100,5,1,0
12,101,8.4167,1,0
50,50,1,0,0
140,140,1,0,0
103,149,1.4466,1,0
60,43,0.7167,1,0
18,128,7.1111,0,0
100,505,5.05,1,0
86,194,2.2558,1,0
51,110,2.1569,0,0
90,97,1.0778,1,0
24,75,3.125,1,0
40,40,1,1,0
62,88,1.4194,1,0
12,57,4.75,1,0
30,100,3.3333,1,0
46,96,2.087,1,0
51,110,2.1569,0,0
60,140,2.3333,1,0
80,88,1.1,1,0
640,1,0.0016,1,0
12,86,7.1667,1,0
30,100,3.3333,1,0
51,110,2.1569,0,0
51,110,2.1569,1,0
32,214,6.6875,1,0
200,166,0.83,0,0
51,110,2.1569,1,0
49,49,1,1,0
60,80,1.3333,1,0
31,88,2.8387,0,0
60,140,2.3333,1,0
20,100,5,1,0
11,96,8.7273,1,0
10,600,60,1,0
31,88,2.8387,1,0
60,140,2.3333,1,0
32,88,2.75,0,0
83,200,2.4096,1,0
60,43,0.7167,0,0
46,96,2.087,1,0
80,86,1.075,1,0
53,70,1.3208,0,0
51,110,2.1569,1,0
228,100,0.4386,0,0
83,100,1.2048,1,0
16,16,1,1,0
25,120,4.8,1,0
177,150,0.8475,1,0
51,110,2.1569,1,0
23,19,0.8261,0,0
51,110,2.1569,1,0
47,49,1.0426,1,0
51,110,2.1569,1,0
51,110,2.1569,1,0
136,207,1.5221,1,0
51,110,2.1569,1,0
25,120,4.8,1,0
51,110,2.1569,1,0
80,87,1.0875,1,0
150,124,0.8267,1,0
20,100,5,1,0
11,89,8.0909,1,0
51,110,2.1569,1,0
30,100,3.3333,1,0
80,78,0.975,1,0
18,129,7.1667,1,0
11,94,8.5455,1,0
30,100,3.3333,1,0
43,114,2.6512,0,0
10,600,60,1,0
80,92,1.15,1,0
37,34,0.9189,1,0
51,110,2.1569,1,0
25,120,4.8,1,0
31,88,2.8387,0,0
104,104,1,0,0
31,124,4,1,0
19,186,9.7895,1,0
60,43,0.7167,1,0
25,120,4.8,1,0
12,101,8.4167,1,0
80,89,1.1125,1,0
23,19,0.8261,0,0
11,96,8.7273,1,0
40,400,10,0,0
60,43,0.7167,1,0
20,125,6.25,1,0
234,218,0.9316,1,0
125,250,2,0,0
124,289,2.3306,1,0
23,19,0.8261,0,0
12,101,8.4167,1,0
12,57,4.75,1,0
60,43,0.7167,1,0
80,94,1.175,1,0
23,135,5.8696,1,0
31,88,2.8387,1,0
12,102,8.5,1,0
71,373,5.2535,0,0
24,120,5,0,0
51,110,2.1569,1,0
31,88,2.8387,1,0
51,110,2.1569,0,0
20,175,8.75,1,0
150,108,0.72,1,0
37,34,0.9189,1,0
51,110,2.1569,1,0
78,104,1.3333,1,0
23,225,9.7826,1,0
170,110,0.6471,1,0
23,19,0.8261,0,0
103,105,1.0194,1,0
24,120,5,0,0
51,110,2.1569,1,0
75,200,2.6667,1,0
24,75,3.125,1,0
51,110,2.1569,1,0
51,110,2.1569,1,0
35,114,3.2571,1,0
76,87,1.1447,1,0
80,116,1.45,1,0
55,75,1.3636,0,0
38,96,2.5263,1,0
60,43,0.7167,1,0
18,57,3.1667,1,0
81,129,1.5926,1,0
57,345,6.0526,1,0
11,89,8.0909,1,0
78,104,1.3333,1,0
80,95,1.1875,1,0
51,110,2.1569,1,0
31,241,7.7742,1,0
51,110,2.1569,0,0
15,82,5.4667,1,0
23,19,0.8261,1,0
23,225,9.7826,1,0
24,120,5,0,0
80,80,1,1,0
21,110,5.2381,1,0
51,110,2.1569,0,0
32,248,7.75,1,0
33,85,2.5758,1,0
80,94,1.175,1,0
14,70,5,1,0
51,110,2.1569,1,0
100,111,1.11,0,0
24,120,5,0,0
40,68,1.7,0,0
11,94,8.5455,1,0
95,94,0.9895,1,0
32,214,6.6875,1,0
254,212,0.8346,1,0
51,110,2.1569,1,0
23,19,0.8261,1,0
110,178,1.6182,1,0
25,68,2.72,1,0
51,110,2.1569,1,0
33,224,6.7879,1,0
64,203,3.1719,1,0
31,209,6.7419,1,0
210,244,1.1619,1,0
25,120,4.8,1,0
68,66,0.9706,0,0
106,119,1.1226,1,0
51,110,2.1569,1,0
51,110,2.1569,1,0
80,87,1.0875,1,0
60,60,1,1,0
23,19,0.8261,0,0
19,96,5.0526,1,0
60,80,1.3333,1,0
20,175,8.75,1,0
11,64,5.8182,1,0
60,73,1.2167,0,0
64,250,3.9062,1,0
36,75,2.0833,1,0
51,110,2.1569,0,0
23,26,1.1304,1,0
75,95,1.2667,1,0
20,100,5,1,0
23,26,1.1304,1,0
25,112,4.48,1,0
51,110,2.1569,1,0
120,120,1,1,0
20,175,8.75,1,0
80,87,1.0875,1,0
60,43,0.7167,1,0
80,100,1.25,1,0
1,1,1,1,0
51,110,2.1569,0,0
51,110,2.1569,1,0
50,50,1,1,0
51,110,2.1569,1,0
292,151,0.5171,1,0
51,110,2.1569,1,0
66,155,2.3485,0,0
12,98,8.1667,1,0
311,367,1.1801,1,0
103,80,0.7767,1,0
80,87,1.0875,1,0
51,110,2.1569,1,0
80,90,1.125,1,0
19,37,1.9474,0,0
25,46,1.84,1,0
12,101,8.4167,1,0
51,110,2.1569,0,0
95,110,1.1579,1,0
51,110,2.1569,1,0
329,207,0.6292,1,0
51,110,2.1569,1,0
12,57,4.75,1,0
51,110,2.1569,0,0
51,110,2.1569,1,0
72,367,5.0972,1,0
20,191,9.55,0,0
51,110,2.1569,1,0
51,110,2.1569,1,0
75,95,1.2667,1,0
31,88,2.8387,1,0
40,399,9.975,0,0
40,130,3.25,1,0
31,88,2.8387,1,0
51,110,2.1569,1,0
90,90,1,0,0
95,110,1.1579,1,0
77,370,4.8052,1,0
33,35,1.0606,1,0
20,100,5,1,0
51,110,2.1569,1,0
176,408,2.3182,1,0
51,110,2.1569,1,0
51,110,2.1569,1,0
95,104,1.0947,1,0
328,120,0.3659,1,0
77,108,1.4026,1,0
35,126,3.6,1,0
60,75,1.25,1,0
11,96,8.7273,1,0
12,101,8.4167,1,0
80,90,1.125,1,0
80,87,1.0875,1,0
17,98,5.7647,1,0
46,173,3.7609,0,0
51,110,2.1569,1,0
77,108,1.4026,1,0
80,89,1.1125,1,0
31,88,2.8387,1,0
23,98,4.2609,1,0
120,120,1,1,0
77,370,4.8052,1,0
40,120,3,1,0
30,129,4.3,1,0
80,89,1.1125,1,0
51,110,2.1569,1,0
77,108,1.4026,1,0
17,38,2.2353,1,0
20,134,6.7,1,0
51,110,2.1569,1,0
120,120,1,1,0
14,67,4.7857,1,0
16,100,6.25,1,0
90,95,1.0556,1,0
20,20,1,1,0
51,110,2.1569,1,0
77,108,1.4026,1,0
51,110,2.1569,1,0
20,134,6.7,1,0
32,128,4,1,0
140,172,1.2286,1,0
31,88,2.8387,0,0
22,110,5,1,0
39,100,2.5641,1,0
35,126,3.6,1,0
210,188,0.8952,1,0
51,110,2.1569,1,0
51,110,2.1569,1,0
51,110,2.1569,1,0
70,50,0.7143,1,0
66,360,5.4545,1,0
51,110,2.1569,1,0
20,134,6.7,1,0
162,245,1.5123,0,0
14,21,1.5,1,0
51,110,2.1569,1,0
31,88,2.8387,1,0
90,100,1.1111,1,0
28,91,3.25,1,0
51,110,2.1569,1,0
50,40,0.8,1,0
151,120,0.7947,1,0
236,214,0.9068,1,0
51,110,2.1569,1,0
29,87,3,0,0
95,110,1.1579,1,0
39,325,8.3333,1,0
40,40,1,1,0
62,88,1.4194,1,0
153,213,1.3922,1,0
51,110,2.1569,1,0
51,110,2.1569,1,0
22,110,5,1,0
42,412,9.8095,1,0
26,122,4.6923,1,0
102,179,1.7549,0,0
24,24,1,0,0
31,88,2.8387,0,0
63,75,1.1905,0,0
32,32,1,1,0
51,110,2.1569,0,0
90,128,1.4222,0,0
78,139,1.7821,1,0
51,110,2.1569,1,0
143,214,1.4965,0,0
51,110,2.1569,1,0
51,110,2.1569,1,0
22,110,5,1,0
149,182,1.2215,0,0
76,108,1.4211,0,0
51,110,2.1569,1,0
27,73,2.7037,1,0
102,179,1.7549,0,0
174,100,0.5747,0,0
51,110,2.1569,1,0
51,110,2.1569,1,0
31,88,2.8387,0,0
115,205,1.7826,0,0
146,141,0.9658,0,0
30,90,3,0,0
149,182,1.2215,1,0
204,195,0.9559,1,0
51,110,2.1569,0,0
24,24,1,0,0
36,88,2.4444,1,0
25,83,3.32,1,0
17,102,6,1,0
62,88,1.4194,1,0
12,101,8.4167,1,0
39,67,1.7179,0,0
11,115,10.4545,0,0
31,88,2.8387,0,0
51,110,2.1569,1,0
140,140,1,0,0
51,110,2.1569,0,0
16,100,6.25,1,0
150,250,1.6667,0,0
24,74,3.0833,1,0
24,24,1,0,0
51,110,2.1569,1,0
36,142,3.9444,1,0
115,205,1.7826,1,0
31,88,2.8387,1,0
40,70,1.75,1,0
51,110,2.1569,1,0
51,110,2.1569,0,0
100,84,0.84,1,0
51,110,2.1569,1,0
144,216,1.5,1,0
39,150,3.8462,1,0
20,90,4.5,1,0
51,110,2.1569,1,0
51,110,2.1569,1,0
31,241,7.7742,1,0
18,18,1,1,0
12,101,8.4167,1,0
14,109,7.7857,1,0
133,200,1.5038,1,0
60,240,4,0,0
51,110,2.1569,1,0
133,200,1.5038,1,0
51,110,2.1569,1,0
62,148,2.3871,0,0
40,70,1.75,1,0
324,210,0.6481,1,0
26,122,4.6923,1,0
173,136,0.7861,0,0
138,223,1.6159,0,0
110,125,1.1364,0,0
324,210,0.6481,1,0
74,78,1.0541,1,0
149,182,1.2215,0,0
90,64,0.7111,0,0
325,397,1.2215,1,0
51,110,2.1569,0,0
51,110,2.1569,1,0
51,110,2.1569,0,0
51,110,2.1569,0,0
37,34,0.9189,1,0
26,122,4.6923,1,0
31,88,2.8387,0,0
140,140,1,0,0
40,70,1.75,1,0
51,110,2.1569,1,0
51,110,2.1569,0,0
51,110,2.1569,1,0
51,110,2.1569,1,0
64,64,1,1,0
51,110,2.1569,1,0
131,132,1.0076,0,0
51,110,2.1569,1,0
141,254,1.8014,1,0
51,110,2.1569,1,0
12,67,5.5833,1,0
51,110,2.1569,1,0
140,140,1,0,0
16,55,3.4375,1,0
49,103,2.102,1,0
51,110,2.1569,1,0
51,110,2.1569,1,0
146,141,0.9658,1,0
36,150,4.1667,1,0
28,118,4.2143,1,0
51,110,2.1569,1,0
51,110,2.1569,1,0
31,88,2.8387,0,0
103,132,1.2816,1,0
51,110,2.1569,1,0
36,114,3.1667,1,0
33,88,2.6667,1,0
150,150,1,1,0
51,110,2.1569,1,0
51,110,2.1569,1,0
149,182,1.2215,0,0
51,110,2.1569,0,0
32,88,2.75,0,0
181,200,1.105,1,0
140,140,1,0,0
51,110,2.1569,0,0
12,108,9,0,0
150,200,1.3333,1,0
51,110,2.1569,1,0
105,134,1.2762,0,0
50,66,1.32,1,0
23,26,1.1304,1,0
145,242,1.669,1,0
114,100,0.8772,0,0
245,200,0.8163,1,0
110,120,1.0909,0,0
150,200,1.3333,1,0
51,110,2.1569,1,0
50,400,8,0,0
118,89,0.7542,0,0
31,88,2.8387,0,0
12,85,7.0833,1,0
31,209,6.7419,1,0
51,110,2.1569,1,0
50,94,1.88,1,0
76,100,1.3158,0,0
76,108,1.4211,0,0
51,110,2.1569,0,0
51,110,2.1569,1,0
50,40,0.8,1,0
180,241,1.3389,1,0
120,160,1.3333,0,0
46,100,2.1739,0,0
110,108,0.9818,0,0
51,110,2.1569,1,0
38,96,2.5263,1,0
194,175,0.9021,0,0
131,200,1.5267,1,0
194,184,0.9485,1,0
31,88,2.8387,1,0
200,201,1.005,1,0
51,110,2.1569,0,0
12,101,8.4167,1,0
50,50,1,1,0
51,110,2.1569,1,0
15,60,4,0,0
51,110,2.1569,1,0
51,110,2.1569,0,0
230,200,0.8696,0,0
32,248,7.75,1,0
51,110,2.1569,1,0
51,110,2.1569,1,0
145,200,1.3793,1,0
200,200,1,1,0
102,88,0.8627,0,0
30,90,3,0,0
132,130,0.9848,0,0
26,104,4,1,0
24,120,5,0,0
11,70,6.3636,1,0
32,32,1,1,0
16,250,15.625,0,0
80,84,1.05,1,0
26,104,4,1,0
51,110,2.1569,1,0
51,110,2.1569,1,0
102,179,1.7549,0,0
51,110,2.1569,0,0
26,58,2.2308,1,0
151,120,0.7947,0,0
24,120,5,0,0
200,179,0.895,1,0
300,450,1.5,0,0
51,110,2.1569,1,0
137,150,1.0949,1,0
51,110,2.1569,1,0
11,94,8.5455,1,0
75,200,2.6667,0,0
74,102,1.3784,0,0
196,178,0.9082,0,0
125,200,1.6,1,0
178,110,0.618,0,0
51,110,2.1569,1,0
120,150,1.25,1,0
51,110,2.1569,1,0
62,61,0.9839,0,0
33,88,2.6667,1,0
27,69,2.5556,1,0
26,104,4,1,0
222,300,1.3514,1,0
51,110,2.1569,1,0
26,104,4,1,0
51,110,2.1569,0,0
11,64,5.8182,1,0
110,161,1.4636,1,0
25,85,3.4,1,0
51,110,2.1569,1,0
51,110,2.1569,1,0
135,200,1.4815,1,0
26,104,4,1,0
40,200,5,1,0
102,179,1.7549,0,0
152,200,1.3158,1,0
51,110,2.1569,0,0
23,26,1.1304,1,0
40,200,5,1,0
11,64,5.8182,1,0
125,250,2,0,0
20,95,4.75,1,0
67,134,2,1,0
75,95,1.2667,1,0
51,110,2.1569,0,0
11,89,8.0909,1,0
30,130,4.3333,1,0
51,110,2.1569,1,0
51,110,2.1569,1,0
24,120,5,0,0
51,110,2.1569,1,0
10,600,60,1,0
80,82,1.025,1,0
100,50,0.5,0,0
38,96,2.5263,1,0
187,248,1.3262,1,0
24,120,5,0,0
51,110,2.1569,1,0
30,130,4.3333,1,0
24,120,5,0,0
10,600,60,1,0
11,94,8.5455,1,0
80,84,1.05,1,0
12,57,4.75,1,0
132,130,0.9848,0,0
12,57,4.75,1,0
117,233,1.9915,1,0
209,200,0.9569,1,0
51,110,2.1569,1,0
90,90,1,0,0
20,95,4.75,1,0
51,110,2.1569,1,0
11,96,8.7273,1,0
90,90,1,0,0
51,110,2.1569,1,0
28,100,3.5714,1,0
11,96,8.7273,1,0
125,250,2,0,0
51,110,2.1569,1,0
60,468,7.8,1,0
308,125,0.4058,1,0
51,110,2.1569,1,0
199,484,2.4322,1,0
20,134,6.7,1,0
51,110,2.1569,1,0
72,105,1.4583,1,0
24,120,5,0,0
40,200,5,1,0
158,194,1.2278,0,0
20,95,4.75,1,0
42,42,1,1,0
51,110,2.1569,1,0
46,125,2.7174,1,0
54,64,1.1852,1,0
12,102,8.5,1,0
102,179,1.7549,0,0
20,134,6.7,1,0
51,110,2.1569,1,0
21,86,4.0952,1,0
40,200,5,1,0
12,101,8.4167,1,0
60,296,4.9333,1,0
40,200,5,1,0
24,120,5,0,0
51,110,2.1569,1,0
100,83,0.83,1,0
24,120,5,0,0
119,209,1.7563,1,0
170,170,1,0,0
145,200,1.3793,1,0
40,46,1.15,1,0
40,160,4,1,0
51,110,2.1569,0,0
11,89,8.0909,1,0
30,30,1,1,0
151,199,1.3179,0,0
103,273,2.6505,1,0
51,110,2.1569,0,0
51,110,2.1569,1,0
146,250,1.7123,0,0
51,110,2.1569,1,0
51,110,2.1569,1,0
16,16,1,1,0
80,89,1.1125,1,0
22,204,9.2727,1,0
66,73,1.1061,1,0
49,114,2.3265,1,0
110,110,1,0,0
224,204,0.9107,0,0
226,277,1.2257,1,0
30,30,1,1,0
16,16,1,1,0
161,130,0.8075,0,0
51,110,2.1569,1,0
90,90,1,0,0
163,164,1.0061,1,0
154,231,1.5,0,0
100,300,3,0,0
51,110,2.1569,1,0
11,89,8.0909,1,0
84,85,1.0119,0,0
12,101,8.4167,1,0
16,60,3.75,1,0
12,102,8.5,1,0
31,88,2.8387,0,0
51,110,2.1569,1,0
27,57,2.1111,1,0
12,102,8.5,1,0
17,77,4.5294,1,0
60,468,7.8,1,0
134,184,1.3731,0,0
20,134,6.7,1,0
120,180,1.5,0,0
134,184,1.3731,0,0
61,61,1,0,0
51,110,2.1569,1,0
12,101,8.4167,1,0
11,64,5.8182,1,0
171,210,1.2281,0,0
10,600,60,1,0
55,177,3.2182,1,0
51,110,2.1569,1,0
108,120,1.1111,0,0
51,110,2.1569,1,0
20,95,4.75,1,0
75,101,1.3467,1,0
90,90,1,0,0
30,143,4.7667,0,0
30,30,1,1,0
11,94,8.5455,1,0
20,134,6.7,1,0
51,110,2.1569,1,0
97,300,3.0928,1,0
51,110,2.1569,1,0
27,175,6.4815,1,0
51,110,2.1569,1,0
23,26,1.1304,1,0
51,110,2.1569,1,0
106,107,1.0094,0,0
12,86,7.1667,1,0
51,110,2.1569,1,0
62,82,1.3226,0,0
51,110,2.1569,1,0
31,88,2.8387,0,0
38,88,2.3158,0,0
75,100,1.3333,1,0
12,102,8.5,1,0
20,20,1,1,0
60,196,3.2667,0,0
14,63,4.5,0,0
160,180,1.125,1,0
200,200,1,0,0
65,110,1.6923,0,0
62,62,1,0,0
60,80,1.3333,1,0
38,88,2.3158,0,0
70,50,0.7143,1,0
12,101,8.4167,1,0
51,110,2.1569,1,0
149,182,1.2215,0,0
51,110,2.1569,1,0
32,328,10.25,0,0
20,134,6.7,1,0
38,88,2.3158,0,0
51,110,2.1569,0,0
51,110,2.1569,1,0
36,180,5,1,0
22,110,5,1,0
11,96,8.7273,1,0
100,100,1,0,0
154,108,0.7013,1,0
131,156,1.1908,1,0
10,600,60,1,0
22,110,5,1,0
51,67,1.3137,1,0
32,75,2.3438,0,0
11,89,8.0909,1,0
95,109,1.1474,1,0
140,140,1,0,0
51,110,2.1569,0,0
119,152,1.2773,1,0
12,10,0.8333,1,0
36,180,5,1,0
55,150,2.7273,0,0
51,110,2.1569,1,0
48,264,5.5,1,0
20,134,6.7,1,0
35,150,4.2857,1,0
51,110,2.1569,1,0
36,180,5,1,0
51,110,2.1569,0,0
134,184,1.3731,0,0
135,110,0.8148,0,0
12,57,4.75,1,0
51,110,2.1569,1,0
133,158,1.188,1,0
89,83,0.9326,1,0
12,86,7.1667,1,0
12,57,4.75,1,0
51,110,2.1569,0,0
140,180,1.2857,1,0
51,110,2.1569,1,0
149,182,1.2215,0,0
145,156,1.0759,1,0
51,110,2.1569,1,0
12,101,8.4167,1,0
10,331,33.1,1,0
51,110,2.1569,0,0
25,120,4.8,1,0
119,150,1.2605,0,0
36,180,5,1,0
25,120,4.8,1,0
140,140,1,0,0
82,337,4.1098,0,0
12,10,0.8333,1,0
11,96,8.7273,1,0
51,110,2.1569,1,0
12,101,8.4167,1,0
51,110,2.1569,1,0
22,21,0.9545,1,0
51,110,2.1569,1,0
40,40,1,1,0
25,120,4.8,1,0
110,95,0.8636,0,0
160,180,1.125,1,0
120,180,1.5,1,0
154,231,1.5,1,0
12,86,7.1667,1,0
115,205,1.7826,0,0
40,40,1,1,0
51,110,2.1569,1,0
18,24,1.3333,1,0
51,110,2.1569,0,0
158,108,0.6835,0,0
117,115,0.9829,0,0
300,178,0.5933,1,0
12,102,8.5,1,0
154,231,1.5,0,0
32,40,1.25,0,0
51,110,2.1569,1,0
51,110,2.1569,0,0
60,70,1.1667,0,0
51,110,2.1569,1,0
12,101,8.4167,1,0
20,90,4.5,1,0
34,34,1,1,0
12,98,8.1667,1,0
51,110,2.1569,1,0
51,110,2.1569,1,0
154,231,1.5,0,0
31,88,2.8387,0,0
23,26,1.1304,1,0
51,110,2.1569,1,0
200,200,1,1,0
75,100,1.3333,1,0
51,110,2.1569,1,0
150,200,1.3333,1,0
51,110,2.1569,0,0
75,200,2.6667,1,0
51,110,2.1569,1,0
64,144,2.25,1,0
40,120,3,1,0
40,46,1.15,1,0
25,100,4,1,0
51,110,2.1569,1,0
36,36,1,1,0
51,110,2.1569,1,0
25,120,4.8,1,0
200,166,0.83,0,0
36,180,5,1,0
51,110,2.1569,1,0
32,37,1.1562,0,0
75,95,1.2667,1,0
51,110,2.1569,1,0
10,331,33.1,1,0
173,150,0.8671,0,0
51,110,2.1569,1,0
32,78,2.4375,0,0
160,180,1.125,1,0
51,110,2.1569,1,0
10,600,60,1,0
11,94,8.5455,1,0
51,110,2.1569,1,0
160,180,1.125,1,0
35,36,1.0286,0,0
11,64,5.8182,1,0
36,180,5,1,0
25,100,4,1,0
88,88,1,1,0
51,110,2.1569,0,0
23,26,1.1304,1,0
16,16,1,1,0
90,90,1,1,0
200,200,1,1,0
12,150,12.5,1,0
64,250,3.9062,0,0
102,179,1.7549,0,0
64,144,2.25,1,0
51,110,2.1569,1,0
51,160,3.1373,0,0
64,144,2.25,1,0
10,600,60,1,0
32,33,1.0312,0,0
51,110,2.1569,0,0
115,115,1,1,0
110,170,1.5455,1,0
160,180,1.125,1,0
183,159,0.8689,1,0
109,110,1.0092,1,0
51,110,2.1569,1,0
147,206,1.4014,0,0
94,222,2.3617,0,0
16,16,1,1,0
120,130,1.0833,1,0
60,140,2.3333,1,0
25,100,4,1,0
51,110,2.1569,1,0
51,110,2.1569,1,0
40,400,10,1,0
160,180,1.125,1,0
95,222,2.3368,1,0
150,150,1,1,0
34,105,3.0882,0,0
128,178,1.3906,0,0
184,153,0.8315,1,0
51,110,2.1569,1,0
51,110,2.1569,1,0
51,110,2.1569,1,0
60,140,2.3333,1,0
140,180,1.2857,1,0
154,213,1.3831,1,0
20,90,4.5,1,0
51,110,2.1569,1,0
51,110,2.1569,1,0
140,180,1.2857,1,0
51,110,2.1569,0,0
115,190,1.6522,0,0
184,140,0.7609,1,0
25,100,4,1,0
40,40,1,1,0
100,85,0.85,0,0
60,120,2,0,0
137,150,1.0949,1,0
51,110,2.1569,1,0
51,110,2.1569,1,0
51,110,2.1569,1,0
90,119,1.3222,1,0
51,110,2.1569,1,0
10,600,60,1,0
148,225,1.5203,0,0
16,16,1,1,0
25,100,4,1,0
51,110,2.1569,1,0
51,110,2.1569,1,0
110,109,0.9909,1,0
51,110,2.1569,1,0
51,110,2.1569,1,0
25,100,4,1,0
16,16,1,1,0
110,109,0.9909,1,0
31,88,2.8387,0,0
51,110,2.1569,1,0
71,87,1.2254,0,0
25,100,4,1,0
146,158,1.0822,0,0
51,110,2.1569,1,0
51,110,2.1569,1,0
136,150,1.1029,1,0
10,600,60,1,0
12,101,8.4167,1,0
51,110,2.1569,1,0
40,100,2.5,1,0
51,110,2.1569,1,0
51,110,2.1569,1,0
16,16,1,1,0
24,75,3.125,1,0
51,110,2.1569,1,0
25,100,4,1,0
51,110,2.1569,1,0
55,175,3.1818,1,0
51,110,2.1569,1,0
51,110,2.1569,1,0
10,600,60,1,0
11,64,5.8182,1,0
51,110,2.1569,1,0
150,200,1.3333,1,0
16,16,1,1,0
134,184,1.3731,0,0
23,26,1.1304,1,0
40,130,3.25,1,0
158,192,1.2152,1,0
25,100,4,1,0
51,110,2.1569,1,0
51,110,2.1569,1,0
51,110,2.1569,1,0
106,110,1.0377,1,0
30,30,1,0,0
170,94,0.5529,0,0
101,140,1.3861,1,0
23,120,5.2174,1,0
51,110,2.1569,1,0
40,40,1,1,0
